date,sp500_return,cond_vol,mpui
2000-02-01,-2.0108,5.129240451616236,0.03125
2000-03-01,9.672,4.702551166877242,0.030457
2000-04-01,-3.0796,5.899954997697104,0.030457
2000-05-01,-2.1915,5.47211391396301,0.036842
2000-06-01,2.3934,5.0011190248943915,0.053571
2000-07-01,-1.6341,4.465172831848986,0.053571
2000-08-01,6.0699,4.123652458746583,0.040936
2000-09-01,-5.3483,4.438067558309785,0.040936
2000-10-01,-0.4949,4.896927958227092,0.044199
2000-11-01,-8.0069,4.359732056196775,0.07027
2000-12-01,0.4053,5.6907067061535335,0.076433
2001-01-01,3.4637,4.981514295283644,0.019608
2001-02-01,-9.2291,4.561478079793673,0.019608
2001-03-01,-6.4205,6.233653436231305,0.060086
2001-04-01,7.6814,6.420544638334947,0.060086
2001-05-01,0.509,6.46531157870115,0.054688
2001-06-01,-2.5035,5.629718433984259,0.029557
2001-07-01,-1.074,5.170449305531412,0.029557
2001-08-01,-6.4108,4.630066555676298,0.03
2001-09-01,-8.1723,5.3325298324714,0.036866
2001-10-01,1.8099,6.320347460791142,0.04023
2001-11-01,7.5176,5.526108090447894,0.052023
2001-12-01,0.7574,5.786082672078859,0.046392
2002-01-01,-1.5574,5.057709478706936,0.052239
2002-02-01,-2.0766,4.588418113706425,0.052239
2002-03-01,3.6739,4.283669323620497,0.023256
2002-04-01,-6.1418,4.041261129373259,0.023256
2002-05-01,-0.9081,4.883050162042094,0.03352
2002-06-01,-7.2455,4.380400698835271,0.034653
2002-07-01,-7.9004,5.444438035996849,0.034653
2002-08-01,0.4881,6.305037433966269,0.028409
2002-09-01,-11.0024,5.495268318293692,0.046729
2002-10-01,8.6449,7.375926845117196,0.046729
2002-11-01,5.707,7.390494160328176,0.043478
2002-12-01,-6.0333,6.812887177268869,0.028902
2003-01-01,-2.7415,6.74814314183813,0.046512
2003-02-01,-1.7004,6.102143781396823,0.046512
2003-03-01,0.8358,5.453853264476322,0.061135
2003-04-01,8.1044,4.779697099419233,0.061135
2003-05-01,5.0899,5.44820410114175,0.050228
2003-06-01,1.1322,5.185605729640492,0.036913
2003-07-01,1.6224,4.558323342109693,0.036913
2003-08-01,1.7873,4.052948631894417,0.046729
2003-09-01,-1.1944,3.6476741683412026,0.04717
2003-10-01,5.4961,3.421986777544754,0.051643
2003-11-01,0.7129,3.8136713092467103,0.051643
2003-12-01,5.0766,3.4230719665569342,0.064039
2004-01-01,1.7276,3.7027272192027394,0.058537
2004-02-01,1.2209,3.360272025721891,0.058537
2004-03-01,-1.6359,3.0611393176716386,0.058824
2004-04-01,-1.6791,3.0444777805715653,0.058824
2004-05-01,1.2083,3.040083366823729,0.069307
2004-06-01,1.7989,2.8049483248424516,0.046099
2004-07-01,-3.4291,2.6539948004153717,0.046099
2004-08-01,0.2287,3.201408098768298,0.043333
2004-09-01,0.9364,2.940520814006753,0.042705
2004-10-01,1.4014,2.7203402624782473,0.042705
2004-11-01,3.8595,2.561544445126805,0.046154
2004-12-01,3.2458,2.8187225674809224,0.041009
2005-01-01,-2.529,2.8646852551623567,0.041009
2005-02-01,1.8903,3.094086858861682,0.048689
2005-03-01,-1.9118,2.886999705651012,0.040816
2005-04-01,-2.0109,2.9714844658569004,0.040816
2005-05-01,2.9952,3.0520730334854527,0.055944
2005-06-01,-0.0143,2.991811019289676,0.048872
2005-07-01,3.5968,2.78799996441425,0.048872
2005-08-01,-1.1222,2.9137162900652624,0.050725
2005-09-01,0.6949,2.8495682769813357,0.039326
2005-10-01,-1.7741,2.648473302087705,0.039326
2005-11-01,3.5186,2.7747582132798083,0.039568
2005-12-01,-0.0952,2.8878733201696183,0.039474
2006-01-01,2.5467,2.71235749328553,0.036199
2006-02-01,0.0453,2.6691418634121473,0.036199
2006-03-01,1.1096,2.5326196986473524,0.042553
2006-04-01,1.2156,2.4045318100563815,0.042553
2006-05-01,-3.0917,2.309820279522409,0.039634
2006-06-01,0.0087,2.8953736606727394,0.034483
2006-07-01,0.5086,2.7108715345872807,0.034483
2006-08-01,2.1274,2.5430987094088824,0.045249
2006-09-01,2.4566,2.487411567028965,0.047393
2006-10-01,3.1508,2.489942298919809,0.051163
2006-11-01,1.6467,2.6128628787344175,0.051163
2006-12-01,1.2616,2.4939448870756467,0.048889
2007-01-01,1.4059,2.3800683211030775,0.077778
2007-02-01,-2.1846,2.3004109469253113,0.077778
2007-03-01,0.998,2.6364455871731876,0.071006
2007-04-01,4.3291,2.4824895522746466,0.071006
2007-05-01,3.2549,2.888319308909419,0.077381
2007-06-01,-1.7816,2.9167065981764573,0.06044
2007-07-01,-3.1982,2.966652694874837,0.06044
2007-08-01,1.2864,3.3330930609903797,0.066351
2007-09-01,3.5794,3.041424488311323,0.046154
2007-10-01,1.4822,3.090289126528116,0.04902
2007-11-01,-4.4043,2.8562650579763997,0.04902
2007-12-01,-0.8629,3.62334132864763,0.038869
2008-01-01,-6.1163,3.3626286490238124,0.054475
2008-02-01,-3.4761,4.4817265541254825,0.047059
2008-03-01,-0.596,4.459664623273907,0.002525
2008-04-01,4.7547,4.0091078994688365,0.048544
2008-05-01,1.0674,4.038410679403941,0.048544
2008-06-01,-8.5962,3.608562347431592,0.070866
2008-07-01,-0.9859,5.513995884370807,0.070866
2008-08-01,1.219,4.90434499660449,0.064257
2008-09-01,-9.0791,4.326010244185449,0.057269
2008-10-01,-16.9425,6.054524397168367,0.038071
2008-11-01,-7.4849,9.920817629117623,0.030928
2008-12-01,0.7822,9.409353851513453,0.022222
2009-01-01,-8.5657,8.117546738775577,0.041667
2009-02-01,-10.9931,8.306091522758132,0.041667
2009-03-01,8.5404,9.097294293706234,0.030879
2009-04-01,9.3925,8.661366655870458,0.041958
2009-05-01,5.3081,8.512245466536765,0.041958
2009-06-01,0.0196,7.657679999461695,0.031414
2009-07-01,7.4142,6.644141020723444,0.031414
2009-08-01,3.356,6.567674250554429,0.03066
2009-09-01,3.5723,5.839148210647012,0.035129
2009-10-01,-1.9762,5.266279358141101,0.035129
2009-11-01,5.7364,4.8076681026543175,0.038627
2009-12-01,1.7771,4.838437929922173,0.035587
2010-01-01,-3.6974,4.29127944662295,0.038603
2010-02-01,2.8514,4.370445800386601,0.038603
2010-03-01,5.8796,3.9975721261691124,0.038202
2010-04-01,1.4759,4.302015501358783,0.043902
2010-05-01,-8.1976,3.8360532947484933,0.043902
2010-06-01,-5.3882,5.477407499088202,0.055249
2010-07-01,6.8778,5.6246145233664135,0.055249
2010-08-01,-4.7449,5.69700854324068,0.04388
2010-09-01,8.7551,5.63391941613923,0.044186
2010-10-01,3.6856,6.1978558797887375,0.044186
2010-11-01,-0.229,5.5711753794033765,0.039175
2010-12-01,6.53,4.902612370177143,0.034553
2011-01-01,2.2646,5.096471626644066,0.027397
2011-02-01,3.1957,4.53381398994147,0.027397
2011-03-01,-0.1047,4.169666180344364,0.036638
2011-04-01,2.8495,3.7396198450655427,0.038627
2011-05-01,-1.3501,3.4975311894223524,0.038627
2011-06-01,-1.8257,3.327119518390857,0.045852
2011-07-01,-2.1474,3.2755206688577516,0.045852
2011-08-01,-5.6791,3.2988657683282594,0.051233
2011-09-01,-7.1762,4.296782049245048,0.045126
2011-10-01,10.7723,5.372323930444788,0.045126
2011-11-01,-0.5059,6.661931321785074,0.048583
2011-12-01,0.8533,5.826860387172438,0.054795
2012-01-01,4.3583,5.091838813065992,0.049296
2012-02-01,4.0589,4.781252869313627,0.049296
2012-03-01,3.1332,4.4900257829333965,0.050459
2012-04-01,-0.7497,4.12687009373363,0.05618
2012-05-01,-6.2651,3.752698967529432,0.05618
2012-06-01,3.9555,4.752302713320066,0.047131
2012-07-01,1.2598,4.450900866818653,0.047131
2012-08-01,1.9763,3.9517022058853892,0.043011
2012-09-01,2.4236,3.5780458676991986,0.039497
2012-10-01,-1.9789,3.319587106036549,0.043321
2012-11-01,0.2847,3.298255856702111,0.043321
2012-12-01,0.7068,3.0155659360046396,0.045588
2013-01-01,5.0428,2.7796961904124,0.053929
2013-02-01,1.1061,3.274730971498033,0.053929
2013-03-01,3.5988,2.989483604138979,0.054096
2013-04-01,1.8086,3.056894097200689,0.054096
2013-05-01,2.0763,2.851209156475846,0.054978
2013-06-01,-1.4999,2.715652367725896,0.049929
2013-07-01,4.9462,2.768135751556756,0.048295
2013-08-01,-3.1298,3.239789219086703,0.048295
2013-09-01,2.975,3.4970119774412027,0.047382
2013-10-01,4.4596,3.3264083712725516,0.048718
2013-11-01,2.8049,3.4843934209647105,0.048718
2013-12-01,2.3563,3.2927938051997576,0.046083
2014-01-01,-3.5583,3.088216884264802,0.042118
2014-02-01,4.3117,3.510511407926848,0.042118
2014-03-01,0.6932,3.58138607343003,0.043429
2014-04-01,0.6201,3.2342842651245705,0.045679
2014-05-01,2.103,2.9552428677144147,0.045679
2014-06-01,1.9058,2.7986293487898344,0.046424
2014-07-01,-1.508,2.6584651030129796,0.046429
2014-08-01,3.7655,2.7287240445264502,0.046429
2014-09-01,-1.5514,2.909759147034732,0.049217
2014-10-01,2.3201,2.9182203249421517,0.055085
2014-11-01,2.4534,2.794435645234013,0.055085
2014-12-01,-0.4189,2.7175153811864394,0.057143
2015-01-01,-3.1041,2.610110402895449,0.050611
2015-02-01,5.4893,3.080046875900792,0.050611
2015-03-01,-1.7396,3.5919188711751158,0.045997
2015-04-01,0.8521,3.4598567192872123,0.042629
2015-05-01,1.0491,3.135459433278313,0.042629
2015-06-01,-2.1012,2.876903493962388,0.051095
2015-07-01,1.9742,3.00433527175414,0.04797
2015-08-01,-6.2581,2.824176308349128,0.04797
2015-09-01,-2.6443,4.25331046411221,0.047458
2015-10-01,8.2983,4.121442618331684,0.04475
2015-11-01,0.0505,5.102295296720421,0.04475
2015-12-01,-1.753,4.500913884073902,0.048333
2016-01-01,-5.0735,4.16803336835937,0.051237
2016-02-01,-0.4128,4.640871465162638,0.051237
2016-03-01,6.5991,4.143965612921059,0.046312
2016-04-01,0.2699,4.596342701757871,0.042517
2016-05-01,1.5325,4.074433437568477,0.042517
2016-06-01,0.0911,3.651974361385349,0.047101
2016-07-01,3.561,3.308769424844225,0.048527
2016-08-01,-0.1219,3.2818137549492477,0.048527
2016-09-01,-0.1234,3.024496249154051,0.04878
2016-10-01,-1.9426,2.821346413662486,0.04878
2016-11-01,3.4175,2.931392287943374,0.052545
2016-12-01,1.8201,2.9789620362711995,0.058501
2017-01-01,1.7884,2.791076859611111,0.058501
2017-02-01,3.7198,2.6423938530220865,0.061144
2017-03-01,-0.0389,2.840297610851578,0.0625
2017-04-01,0.9091,2.6711715371726776,0.06391
2017-05-01,1.1576,2.508414832175341,0.06391
2017-06-01,0.4814,2.387320817218335,0.066308
2017-07-01,1.9349,2.294208522704892,0.065891
2017-08-01,0.0546,2.2805239760069456,0.065891
2017-09-01,1.9303,2.236630738934321,0.0625
2017-10-01,2.2188,2.237736669733914,0.0625
2017-11-01,2.8083,2.2746051622690415,0.063218
2017-12-01,0.9832,2.396651731497691,0.062374
2018-01-01,5.6179,2.297356566131359,0.060046
2018-02-01,-3.8947,3.1769027699494523,0.060046
2018-03-01,-2.6884,3.662474805459721,0.063181
2018-04-01,0.2719,3.6919291845939233,0.063181
2018-05-01,2.1608,3.333420793838194,0.066975
2018-06-01,0.4842,3.099650286997638,0.048193
2018-07-01,3.6022,2.8504261922325793,0.048193
2018-08-01,3.0263,2.958750989923713,0.04375
2018-09-01,0.4294,2.927586162376214,0.042904
2018-10-01,-6.9403,2.7155657634850234,0.042904
2018-11-01,1.7859,4.46230758719491,0.041139
2018-12-01,-9.1777,3.982126129364801,0.040698
2019-01-01,7.8684,5.916397025737193,0.02346
2019-02-01,2.9729,6.150475877838883,0.02346
2019-03-01,1.7924,5.459629723217886,0.022409
2019-04-01,3.9313,4.80685640132204,0.022409
2019-05-01,-6.5778,4.489820309828331,0.03003
2019-06-01,6.893,5.295776267058197,0.040761
2019-07-01,1.3128,5.465136381558007,0.031325
2019-08-01,-1.8092,4.794930545320636,0.031325
2019-09-01,1.7181,4.408970078998719,0.032581
2019-10-01,2.0432,3.9347673677472916,0.038781
2019-11-01,3.4047,3.569372019623039,0.038781
2019-12-01,2.859,3.4490821493603154,0.036923
2020-01-01,-0.1628,3.2729291770194666,0.04
2020-02-01,-8.411,3.0203349895912828,0.04
2020-03-01,-12.5119,5.174658128311252,0.041379
2020-04-01,12.6844,7.770945826390196,0.036613
2020-05-01,4.5282,8.763632731779257,0.036613
2020-06-01,1.8388,7.7709794599431925,0.034091
2020-07-01,5.5101,6.746757042061886,0.036876
2020-08-01,7.0065,6.271306959519019,0.036876
2020-09-01,-3.9228,6.200144939240058,0.048561
2020-10-01,-2.7666,5.850742090684906,0.048561
2020-11-01,10.7546,5.384924949098706,0.046414
2020-12-01,3.7121,6.663467907146761,0.045267
2021-01-01,-1.1137,5.954585268934263,0.044625
2021-02-01,2.6091,5.2781665736169385,0.044625
2021-03-01,4.2439,4.7101911939763275,0.045175
2021-04-01,5.2425,4.465723228514905,0.045455
2021-05-01,0.5486,4.478338066093098,0.045455
2021-06-01,2.2214,3.9707044562622555,0.045643
2021-07-01,2.2748,3.612972136878921,0.046371
2021-08-01,2.899,3.331868056652763,0.046371
2021-09-01,-4.7569,3.188577797512425,0.050584
2021-10-01,6.9144,3.930685863516033,0.050584
2021-11-01,-0.8334,4.550119623813459,0.048544
2021-12-01,4.3613,4.102680815939281,0.047081
2022-01-01,-5.2585,4.02561946674533,0.045249
2022-02-01,-3.136,4.601965884584949,0.045249
2022-03-01,3.5773,4.479021395651498,0.044077
2022-04-01,-8.7957,4.178961437867802,0.044077
2022-05-01,0.0053,5.8741263076275425,0.048469
2022-06-01,-8.392,5.145632745848701,0.041775
2022-07-01,9.1116,6.277478213990713,0.042683
2022-08-01,-4.244,6.732113800817347,0.042683
2022-09-01,-9.3396,6.322357840404232,0.045732
2022-10-01,7.9863,7.306906502312182,0.045732
2022-11-01,5.3753,7.187988258090613,0.042821
2022-12-01,-5.8971,6.599412173357487,0.042714
2023-01-01,6.1753,6.559566934895367,0.042714
2023-02-01,-2.6112,6.245152091166244,0.053371
2023-03-01,3.5052,5.678665086827275,0.05168
2023-04-01,1.4642,5.128199595700352,0.05168
2023-05-01,0.2482,4.518490412722287,0.056657
2023-06-01,6.4727,4.010834150068257,0.049587
2023-07-01,3.1139,4.473014309154858,0.050562
2023-08-01,-1.7716,4.110896098225838,0.050562
2023-09-01,-4.8719,3.8645236878965172,0.047091
2023-10-01,-2.198,4.385285764433448,0.047091
2023-11-01,8.9179,4.144311708053075,0.046322
2023-12-01,4.4229,5.322799743025592,0.044974
2024-01-01,1.5896,4.972427818309818,0.061625
2024-02-01,5.1721,4.39370960347062,0.061625
2024-03-01,3.1019,4.410213205929816,0.062678
2024-04-01,-4.1615,4.059391064062784,0.062678
2024-05-01,4.8021,4.320595249071992,0.056471
2024-06-01,3.467,4.27699375603686,0.063187
2024-07-01,1.1321,4.00434618896271,0.060367
2024-08-01,2.2835,3.581814471500783,0.060367
2024-09-01,2.0197,3.308005766370514,0.061008
2024-10-01,-0.9897,3.066537621061912,0.061008
2024-11-01,5.7301,2.9459173438911788,0.061584
2024-12-01,-2.499,3.581434385610087,0.057065
