date,sp500_return,fed_funds_rate,inflation,ip_growth,mpui,mpui_adjusted,mpui_std,mpui_adj_std,cond_vol
2000-02-01,-2.0108,5.73,0.4135,0.3123,0.03125,0.03125,-1.3245,-0.9996,5.103480665493599
2000-03-01,9.672,5.85,0.5882,0.3556,0.030457,0.03007,-1.3929,-1.0704,4.623566816038618
2000-04-01,-3.0796,6.02,-0.0585,0.5952,0.030457,0.03007,-1.3929,-1.0704,6.019313199909601
2000-05-01,-2.1915,6.27,0.1755,0.2708,0.036842,0.037424,-0.8417,-0.6288,5.501789993736787
2000-06-01,2.3934,6.53,0.5841,0.0391,0.053571,0.05955,0.6026,0.6997,4.95791669040747
2000-07-01,-1.6341,6.54,0.2904,-0.1951,0.053571,0.05955,0.6026,0.6997,4.363893643375141
2000-08-01,6.0699,6.5,0.0,-0.2723,0.040936,0.043952,-0.4882,-0.2369,4.000951153471967
2000-09-01,-5.3483,6.52,0.5211,0.4615,0.040936,0.043952,-0.4882,-0.2369,4.418561672558964
2000-10-01,-0.4949,6.51,0.1728,-0.3886,0.044199,0.044728,-0.2065,-0.1903,4.939225837971022
2000-11-01,-8.0069,6.51,0.1725,0.028,0.07027,0.069673,2.0443,1.3076,4.320343947741364
2000-12-01,0.4053,6.4,0.2296,-0.3263,0.076433,0.087691,2.5764,2.3895,5.819424930019047
2001-01-01,3.4637,5.98,0.5727,-0.476,0.019608,0.01449,-2.3296,-2.0059,4.987782230553964
2001-02-01,-9.2291,5.49,0.2278,-0.6513,0.019608,0.01449,-2.3296,-2.0059,4.518678353193023
2001-03-01,-6.4205,5.31,0.0568,-0.205,0.060086,0.049745,1.1651,0.111,6.396700477107651
2001-04-01,7.6814,4.8,0.1704,-0.359,0.060086,0.049745,1.1651,0.111,6.55061017118189
2001-05-01,0.509,4.21,0.5102,-0.4776,0.054688,0.042434,0.699,-0.328,6.575119560692508
2001-06-01,-2.5035,3.97,0.2256,-0.528,0.029557,0.028975,-1.4706,-1.1362,5.60164370751388
2001-07-01,-1.074,3.77,-0.1688,-0.6404,0.029557,0.028975,-1.4706,-1.1362,5.0840711180831
2001-08-01,-6.4108,3.65,0.0,-0.1148,0.03,0.02995,-1.4324,-1.0776,4.487247672732063
2001-09-01,-8.1723,3.07,0.3946,-0.5065,0.036866,0.034204,-0.8396,-0.8222,5.330501138222049
2001-10-01,1.8099,2.49,-0.2807,-0.2741,0.04023,0.046241,-0.5492,-0.0994,6.433822044157965
2001-11-01,7.5176,2.09,-0.0563,-0.6047,0.052023,0.060267,0.469,0.7428,5.509140368890988
2001-12-01,0.7574,1.82,-0.0563,-0.0427,0.046392,0.048385,-0.0172,0.0293,5.824558196110578
2002-01-01,-1.5574,1.73,0.1691,0.6655,0.052239,0.077351,0.4876,1.7686,4.988406058108507
2002-02-01,-2.0766,1.74,0.1688,0.0115,0.052239,0.077351,0.4876,1.7686,4.469803088122916
2002-03-01,3.6739,1.73,0.2809,0.7238,0.023256,0.018434,-2.0146,-1.7691,4.153382095051612
2002-04-01,-6.1418,1.75,0.4482,0.4883,0.023256,0.018434,-2.0146,-1.7691,3.9254207750689374
2002-05-01,-0.9081,1.75,0.1115,0.4018,0.03352,0.038639,-1.1285,-0.5559,4.915455268712867
2002-06-01,-7.2455,1.75,0.0557,0.8249,0.034653,0.034639,-1.0307,-0.7961,4.337401636664354
2002-07-01,-7.9004,1.73,0.2227,-0.0322,0.034653,0.034639,-1.0307,-0.7961,5.542436179800607
2002-08-01,0.4881,1.74,0.2778,-0.1111,0.028409,0.031826,-1.5697,-0.965,6.463768989084782
2002-09-01,-11.0024,1.75,0.1662,0.0849,0.046729,0.042289,0.0119,-0.3367,5.511001446854778
2002-10-01,8.6449,1.75,0.2212,-0.2083,0.046729,0.042289,0.0119,-0.3367,7.593010755653111
2002-11-01,5.707,1.34,0.1656,0.5602,0.043478,0.033998,-0.2688,-0.8346,7.556696959247407
2002-12-01,-6.0333,1.24,0.1653,-0.5561,0.028902,0.032675,-1.5272,-0.914,6.868596532100093
2003-01-01,-2.7415,1.24,0.44,0.8522,0.046512,0.051875,-0.0068,0.2389,6.774118086392807
2003-02-01,-1.7004,1.26,0.5476,0.1188,0.046512,0.051875,-0.0068,0.2389,6.029546823099417
2003-03-01,0.8358,1.25,0.1634,-0.2629,0.061135,0.052436,1.2556,0.2726,5.304331065323014
2003-04-01,8.1044,1.26,-0.3806,-0.5957,0.061135,0.052436,1.2556,0.2726,4.566880920739335
2003-05-01,5.0899,1.26,-0.1638,-0.0273,0.050228,0.045928,0.314,-0.1182,5.423518074014559
2003-06-01,1.1322,1.22,0.1093,0.1278,0.036913,0.025878,-0.8356,-1.3221,5.144261472365063
2003-07-01,1.6224,1.01,0.3277,0.5138,0.036913,0.025878,-0.8356,-1.3221,4.441111586114607
2003-08-01,1.7873,1.03,0.4355,-0.2182,0.046729,0.047075,0.0119,-0.0493,3.896481412738445
2003-09-01,-1.1944,1.01,0.3252,0.6447,0.04717,0.047114,0.05,-0.047,3.4785668593618038
2003-10-01,5.4961,1.01,-0.108,0.1232,0.051643,0.052027,0.4362,0.248,3.269049258449196
2003-11-01,0.7129,1.0,0.0541,0.6705,0.051643,0.052027,0.4362,0.248,3.7898897199227233
2003-12-01,5.0766,0.98,0.2703,0.0296,0.064039,0.067719,1.5064,1.1902,3.357588107067574
2004-01-01,1.7276,1.0,0.4313,0.1522,0.058537,0.061987,1.0313,0.8461,3.716365292752079
2004-02-01,1.2209,1.01,0.2147,0.6032,0.058537,0.061987,1.0313,0.8461,3.3341659705165987
2004-03-01,-1.6359,1.0,0.2142,-0.4001,0.058824,0.062356,1.0561,0.8682,3.010444769302276
2004-04-01,-1.6791,1.0,0.1603,0.3714,0.058824,0.062356,1.0561,0.8682,3.010810110735446
2004-05-01,1.2083,1.0,0.4269,0.7224,0.069307,0.072738,1.9612,1.4916,3.019927395665773
2004-06-01,1.7989,1.03,0.3719,-0.7802,0.046099,0.036141,-0.0425,-0.7059,2.769593061507309
2004-07-01,-3.4291,1.26,0.1059,0.7472,0.046099,0.036141,-0.0425,-0.7059,2.622870615055605
2004-08-01,0.2287,1.43,0.0529,0.0671,0.043333,0.033475,-0.2813,-0.866,3.2498231121565238
2004-09-01,0.9364,1.61,0.3171,0.1271,0.042705,0.035879,-0.3355,-0.7216,2.9502145160936064
2004-10-01,1.4014,1.76,0.5269,0.8532,0.042705,0.035879,-0.3355,-0.7216,2.7093478753125595
2004-11-01,3.8595,1.93,0.4717,0.2483,0.046154,0.042515,-0.0377,-0.3232,2.5463805461980487
2004-12-01,3.2458,2.16,0.0,0.7968,0.041009,0.031188,-0.4819,-1.0033,2.863376958038589
2005-01-01,-2.529,2.28,-0.0522,0.3597,0.041009,0.031188,-0.4819,-1.0033,2.920246621896778
2005-02-01,1.8903,2.5,0.4175,0.7259,0.048689,0.044768,0.1811,-0.1879,3.160783578274095
2005-03-01,-1.9118,2.63,0.3638,-0.1351,0.040816,0.035031,-0.4986,-0.7725,2.922865090585836
2005-04-01,-2.0109,2.79,0.3107,0.2153,0.040816,0.035031,-0.4986,-0.7725,3.01016402690199
2005-05-01,2.9952,3.0,-0.0516,0.09,0.055944,0.050548,0.8075,0.1592,3.0918275108555657
2005-06-01,-0.0143,3.04,0.0517,0.4498,0.048872,0.048443,0.1969,0.0328,3.029279313907066
2005-07-01,3.5968,3.26,0.6195,-0.3166,0.048872,0.048443,0.1969,0.0328,2.796980195546998
2005-08-01,-1.1222,3.5,0.6157,0.3259,0.050725,0.049546,0.3569,0.099,2.95588653866712
2005-09-01,0.6949,3.62,1.3768,-1.9374,0.039326,0.031179,-0.6272,-1.0038,2.8767154375595165
2005-10-01,-1.7741,3.78,0.1509,1.2137,0.039326,0.031179,-0.6272,-1.0038,2.652939566917295
2005-11-01,3.5186,4.0,-0.5023,1.124,0.039568,0.041074,-0.6063,-0.4097,2.798301527339208
2005-12-01,-0.0952,4.16,0.0,0.5165,0.039474,0.049184,-0.6145,0.0773,2.938038903287591
2006-01-01,2.5467,4.29,0.6058,0.1578,0.036199,0.045453,-0.8972,-0.1467,2.734686321767109
2006-02-01,0.0453,4.49,0.0502,0.0422,0.036199,0.045453,-0.8972,-0.1467,2.697216331835881
2006-03-01,1.1096,4.59,0.1505,0.2255,0.042553,0.041887,-0.3486,-0.3609,2.544964327567209
2006-04-01,1.2156,4.79,0.5008,0.3037,0.042553,0.041887,-0.3486,-0.3609,2.4109073480973957
2006-05-01,-3.0917,4.94,0.299,0.0254,0.039634,0.034227,-0.6006,-0.8208,2.317505631461153
2006-06-01,0.0087,4.99,0.2484,0.3166,0.034483,0.033413,-1.0453,-0.8697,2.9697664349828643
2006-07-01,0.5086,5.24,0.5451,-0.0513,0.034483,0.033413,-1.0453,-0.8697,2.750553248384934
2006-08-01,2.1274,5.25,0.4436,0.4389,0.045249,0.056749,-0.1159,0.5315,2.561420435028662
2006-09-01,2.4566,5.25,-0.4907,-0.1662,0.047393,0.060701,0.0692,0.7688,2.5109272516233205
2006-10-01,3.1508,5.25,-0.4438,-0.1147,0.051163,0.062903,0.3947,0.9011,2.525756178658638
2006-11-01,1.6467,5.25,0.0495,-0.042,0.051163,0.062903,0.3947,0.9011,2.6730325914621127
2006-12-01,1.2616,5.24,0.5446,1.0193,0.048889,0.056693,0.1984,0.5282,2.5378799335727127
2007-01-01,1.4059,5.25,0.1659,-0.3383,0.077778,0.109285,2.6925,3.6861,2.412216949997668
2007-02-01,-2.1846,5.26,0.3878,0.9423,0.077778,0.109285,2.6925,3.6861,2.329506029656695
2007-03-01,0.998,5.26,0.52,0.178,0.071006,0.099717,2.1079,3.1116,2.698926496558854
2007-04-01,4.3291,5.25,0.3001,0.6723,0.071006,0.099717,2.1079,3.1116,2.521643916265387
2007-05-01,3.2549,5.25,0.4133,0.0956,0.077381,0.105094,2.6582,3.4344,2.9836625419302023
2007-06-01,-1.7816,5.25,0.2317,0.0577,0.06044,0.074498,1.1956,1.5973,3.004769632480517
2007-07-01,-3.1982,5.26,0.1781,-0.12,0.06044,0.074498,1.1956,1.5973,3.0373174176269404
2007-08-01,1.2864,5.02,0.0308,0.1926,0.066351,0.070282,1.706,1.3441,3.4225354486814887
2007-09-01,3.5794,4.94,0.4238,0.2223,0.046154,0.033595,-0.0377,-0.8588,2.6219800988700563
2007-10-01,1.4822,4.76,0.3083,-0.282,0.04902,0.031452,0.2097,-0.9874,2.8377079375631857
2007-11-01,-4.4043,4.49,0.7859,0.5335,0.04902,0.031452,0.2097,-0.9874,2.6470136290760515
2007-12-01,-0.8629,4.24,0.2898,0.0349,0.038869,0.02779,-0.6667,-1.2073,3.602127075508448
2008-01-01,-6.1163,3.94,0.3448,-0.1323,0.054475,0.043629,0.6807,-0.2563,3.3152873505349345
2008-02-01,-3.4761,2.98,0.2418,-0.3922,0.047059,0.038447,0.0404,-0.5674,5.287855142655881
2008-03-01,-0.596,2.61,0.3578,-0.3046,0.002525,0.001443,-3.8044,-2.7893,5.03305195387971
2008-04-01,4.7547,2.28,0.2314,-0.6452,0.048544,0.039039,0.1686,-0.5319,3.904645146818179
2008-05-01,1.0674,1.98,0.5917,-0.6058,0.048544,0.039039,0.1686,-0.5319,3.987430816878448
2008-06-01,-8.5962,2.0,1.0478,-0.2333,0.070866,0.071006,2.0958,1.3876,3.51601996437283
2008-07-01,-0.9859,2.01,0.7141,-0.3574,0.070866,0.071006,2.0958,1.3876,5.674271845231183
2008-08-01,1.219,2.0,-0.1488,-1.57,0.064257,0.066494,1.5252,1.1167,4.946981558413146
2008-09-01,-9.0791,1.81,0.0855,-4.4048,0.057269,0.067697,0.9219,1.1889,4.284356092133069
2008-10-01,-16.9425,0.97,-0.8598,0.9941,0.038071,0.028054,-0.7356,-1.1915,6.22300989712685
2008-11-01,-7.4849,0.39,-1.7705,-1.3201,0.030928,0.031132,-1.3523,-1.0066,12.495658843316315
2008-12-01,0.7822,0.16,-0.8234,-2.8199,0.022222,0.016525,-2.1039,-1.8837,11.28116351312155
2009-01-01,-8.5657,0.15,0.2531,-2.4943,0.041667,0.027568,-0.4251,-1.2206,9.47794257909577
2009-02-01,-10.9931,0.22,0.3643,-0.6086,0.041667,0.027568,-0.4251,-1.2206,9.27129529445998
2009-03-01,8.5404,0.18,-0.0987,-1.5656,0.030879,0.024296,-1.3565,-1.4171,9.812029613733188
2009-04-01,9.3925,0.15,0.1007,-0.8291,0.041958,0.033816,-0.4,-0.8455,9.141285613118708
2009-05-01,5.3081,0.18,0.1471,-1.01,0.041958,0.033816,-0.4,-0.8455,8.846462879259896
2009-06-01,0.0196,0.21,0.83,-0.3769,0.031414,0.028337,-1.3103,-1.1745,7.806456548570208
2009-07-01,7.4142,0.16,-0.0298,1.129,0.031414,0.028337,-1.3103,-1.1745,6.620298247210703
2009-08-01,3.356,0.16,0.3348,1.0967,0.03066,0.025701,-1.3754,-1.3328,6.553812110586166
2009-09-01,3.5723,0.15,0.1931,0.8814,0.035129,0.030049,-0.9896,-1.0717,5.731594572705564
2009-10-01,-1.9762,0.12,0.3002,0.2695,0.035129,0.030049,-0.9896,-1.0717,5.110520025951524
2009-11-01,5.7364,0.12,0.3349,0.4338,0.038627,0.03174,-0.6876,-0.9701,4.623708898297479
2009-12-01,1.7771,0.12,0.052,0.4058,0.035587,0.025899,-0.95,-1.3209,4.732148299874346
2010-01-01,-3.6974,0.11,0.0649,1.09,0.038603,0.030898,-0.6896,-1.0207,4.136732749479622
2010-02-01,2.8514,0.13,-0.0952,0.3753,0.038603,0.030898,-0.6896,-1.0207,4.274737862774368
2010-03-01,5.8796,0.16,0.0331,0.6857,0.038202,0.037744,-0.7243,-0.6096,3.883726801087608
2010-04-01,1.4759,0.2,0.023,0.3392,0.043902,0.048141,-0.2322,0.0147,4.287012839939677
2010-05-01,-8.1976,0.2,-0.052,1.3509,0.043902,0.048141,-0.2322,0.0147,3.766883448658117
2010-06-01,-5.3882,0.18,-0.0419,0.1849,0.055249,0.068069,0.7475,1.2112,5.622392848954527
2010-07-01,6.8778,0.18,0.1869,0.3797,0.055249,0.068069,0.7475,1.2112,5.738581513609511
2010-08-01,-4.7449,0.19,0.1461,0.3665,0.04388,0.044801,-0.2341,-0.1859,5.799640659331569
2010-09-01,8.7551,0.19,0.1615,0.2948,0.044186,0.045505,-0.2076,-0.1436,5.694770150473847
2010-10-01,3.6856,0.19,0.3482,-0.2834,0.044186,0.045505,-0.2076,-0.1436,6.324235546838237
2010-11-01,-0.229,0.19,0.2534,0.087,0.039175,0.036146,-0.6403,-0.7056,5.590425763700928
2010-12-01,6.53,0.18,0.4017,0.9785,0.034553,0.032072,-1.0393,-0.9502,4.825191396703559
2011-01-01,2.2646,0.17,0.3243,-0.2106,0.027397,0.028638,-1.6571,-1.1564,5.086803527583192
2011-02-01,3.1957,0.16,0.3214,-0.3971,0.027397,0.028638,-1.6571,-1.1564,4.4545517634494525
2011-03-01,-0.1047,0.14,0.5174,1.0403,0.036638,0.036395,-0.8593,-0.6906,4.0703723288207705
2011-04-01,2.8495,0.1,0.4694,-0.323,0.038627,0.038206,-0.6876,-0.5819,3.606200750777436
2011-05-01,-1.3501,0.09,0.3182,0.1206,0.038627,0.038206,-0.6876,-0.5819,3.378648470180075
2011-06-01,-1.8257,0.09,0.0,0.3025,0.045852,0.045276,-0.0638,-0.1574,3.220578819803803
2011-07-01,-2.1474,0.07,0.262,0.4927,0.045852,0.045276,-0.0638,-0.1574,3.1965548782031523
2011-08-01,-5.6791,0.1,0.3154,0.6751,0.051233,0.043828,0.4008,-0.2443,3.24999993268105
2011-09-01,-7.1762,0.08,0.2172,-0.0827,0.045126,0.037462,-0.1265,-0.6266,4.38379491821283
2011-10-01,10.7723,0.07,0.0675,0.694,0.045126,0.037462,-0.1265,-0.6266,5.542468409767455
2011-11-01,-0.5059,0.08,0.1848,-0.0087,0.048583,0.045919,0.172,-0.1188,6.928806245159666
2011-12-01,0.8533,0.07,0.0238,0.5306,0.054795,0.059205,0.7083,0.679,5.924737658885902
2012-01-01,4.3583,0.08,0.2724,0.5964,0.049296,0.054696,0.2335,0.4083,5.069958392398244
2012-02-01,4.0589,0.1,0.2137,0.3216,0.049296,0.054696,0.2335,0.4083,4.734585099776664
2012-03-01,3.1332,0.13,0.2093,-0.5178,0.050459,0.05476,0.3339,0.4121,4.427968999591911
2012-04-01,-0.7497,0.14,0.1661,0.7194,0.05618,0.059315,0.8279,0.6856,4.040783133540427
2012-05-01,-6.2651,0.16,-0.2068,0.2309,0.05618,0.059315,0.8279,0.6856,3.637692549739445
2012-06-01,3.9555,0.16,-0.0826,0.0055,0.047131,0.045344,0.0466,-0.1533,4.80465478719551
2012-07-01,1.2598,0.16,0.0289,0.2099,0.047131,0.045344,0.0466,-0.1533,4.461222806954936
2012-08-01,1.9763,0.13,0.581,-0.4279,0.043011,0.043635,-0.3091,-0.2559,3.896827010185544
2012-09-01,2.4236,0.14,0.4771,-0.0734,0.039497,0.034001,-0.6125,-0.8344,3.494013173650002
2012-10-01,-1.9789,0.16,0.2697,0.3474,0.043321,0.038069,-0.2823,-0.5901,3.2340839465421456
2012-11-01,0.2847,0.16,-0.1679,0.3668,0.043321,0.038069,-0.2823,-0.5901,3.238398374765688
2012-12-01,0.7068,0.16,-0.0121,0.237,0.045588,0.033878,-0.0866,-0.8418,2.938933494104832
2013-01-01,5.0428,0.14,0.1981,0.0245,0.053929,0.042836,0.6335,-0.3039,2.699886989988712
2013-02-01,1.1061,0.15,0.543,0.4677,0.053929,0.042836,0.6335,-0.3039,3.3114567233836008
2013-03-01,3.5988,0.14,-0.2812,0.4029,0.054096,0.043749,0.6479,-0.2491,2.989207361575802
2013-04-01,1.8086,0.15,-0.2088,-0.0863,0.054096,0.043749,0.6479,-0.2491,3.0844874752204365
2013-05-01,2.0763,0.11,0.0414,0.0781,0.054978,0.043963,0.7241,-0.2362,2.857828689547633
2013-06-01,-1.4999,0.09,0.238,0.2075,0.049929,0.039892,0.2882,-0.4807,2.718112756462413
2013-07-01,4.9462,0.09,0.1957,-0.3102,0.048295,0.040011,0.1471,-0.4735,2.781660847190311
2013-08-01,-3.1298,0.08,0.2387,0.5782,0.048295,0.040011,0.1471,-0.4735,3.3272910916604177
2013-09-01,2.975,0.08,0.0377,0.5085,0.047382,0.03626,0.0683,-0.6987,3.586219857720492
2013-10-01,4.4596,0.09,0.0535,-0.0789,0.048718,0.040078,0.1836,-0.4695,3.3839635880364165
2013-11-01,2.8049,0.08,0.1844,0.2336,0.048718,0.040078,0.1836,-0.4695,3.5616424899896986
2013-12-01,2.3563,0.09,0.2644,0.2011,0.046083,0.035748,-0.0439,-0.7295,3.33865921483942
2014-01-01,-3.5583,0.07,0.2424,-0.3558,0.042118,0.035673,-0.3862,-0.734,3.1089625386699438
2014-02-01,4.3117,0.07,0.1101,0.7557,0.042118,0.035673,-0.3862,-0.734,3.5749656030549715
2014-03-01,0.6932,0.08,0.2042,0.9685,0.043429,0.036249,-0.273,-0.6994,3.652300273490353
2014-04-01,0.6201,0.09,0.1864,0.0968,0.045679,0.042389,-0.0787,-0.3307,3.249871078997446
2014-05-01,2.103,0.09,0.1903,0.3832,0.045679,0.042389,-0.0787,-0.3307,2.9382773209275688
2014-06-01,1.9058,0.1,0.1321,0.3432,0.046424,0.044351,-0.0144,-0.2129,2.7803522293125806
2014-07-01,-1.508,0.09,0.1125,0.2221,0.046429,0.042965,-0.014,-0.2961,2.641828417617188
2014-08-01,3.7655,0.09,-0.016,-0.1888,0.046429,0.042965,-0.014,-0.2961,2.7317615467220406
2014-09-01,-1.5514,0.09,0.0072,0.2873,0.049217,0.043927,0.2267,-0.2384,2.9554987064171128
2014-10-01,2.3201,0.09,-0.0198,0.0119,0.055085,0.062308,0.7333,0.8653,2.9555148709172423
2014-11-01,2.4534,0.09,-0.1883,0.6172,0.055085,0.062308,0.7333,0.8653,2.821163548083452
2014-12-01,-0.4189,0.12,-0.3085,-0.0079,0.057143,0.062482,0.911,0.8758,2.743675114396802
2015-01-01,-3.1041,0.11,-0.637,-0.7848,0.050611,0.070021,0.3471,1.3285,2.6230570898379884
2015-02-01,5.4893,0.11,0.2535,-0.6385,0.050611,0.070021,0.3471,1.3285,3.1455259843252343
2015-03-01,-1.7396,0.11,0.2694,-0.3346,0.045997,0.060716,-0.0513,0.7697,3.714250245484042
2015-04-01,0.8521,0.12,0.1042,-0.5456,0.042629,0.057299,-0.3421,0.5646,3.533852925282229
2015-05-01,1.0491,0.12,0.3298,-0.4413,0.042629,0.057299,-0.3421,0.5646,3.1573514395096725
2015-06-01,-2.1012,0.13,0.2768,-0.3145,0.051095,0.068072,0.3888,1.2114,2.8693334164511586
2015-07-01,1.9742,0.13,0.1586,0.6481,0.04797,0.062485,0.119,0.876,3.018817040221317
2015-08-01,-6.2581,0.14,-0.0004,-0.1839,0.04797,0.062485,0.119,0.876,2.825212702364156
2015-09-01,-2.6443,0.14,-0.2248,-0.2791,0.047458,0.054878,0.0748,0.4192,4.405217372933543
2015-10-01,8.2983,0.12,0.0989,-0.4836,0.04475,0.051079,-0.1589,0.1911,4.2138849211246
2015-11-01,0.0505,0.12,0.1195,-0.7357,0.04475,0.051079,-0.1589,0.1911,5.290426660778102
2015-12-01,-1.753,0.24,-0.1076,-0.4904,0.048333,0.052099,0.1504,0.2523,4.570326974163347
2016-01-01,-5.0735,0.34,-0.0458,0.524,0.051237,0.05648,0.4011,0.5154,4.176149361006754
2016-02-01,-0.4128,0.38,-0.133,-0.5185,0.051237,0.05648,0.4011,0.5154,4.702164858178361
2016-03-01,6.5991,0.36,0.3135,-0.742,0.046312,0.047504,-0.0241,-0.0236,4.12596668879848
2016-04-01,0.2699,0.37,0.3831,0.3382,0.042517,0.042517,-0.3517,-0.323,4.660850179654459
2016-05-01,1.5325,0.37,0.2364,-0.2268,0.042517,0.042517,-0.3517,-0.323,4.057037217972783
2016-06-01,0.0911,0.38,0.2776,0.4724,0.047101,0.048872,0.044,0.0586,3.5881778545058136
2016-07-01,3.561,0.39,-0.0504,0.1172,0.048527,0.048198,0.1671,0.0181,3.2182191762774552
2016-08-01,-0.1219,0.4,0.1849,-0.1507,0.048527,0.048198,0.1671,0.0181,3.2325629284851525
2016-09-01,-0.1234,0.4,0.2623,-0.1055,0.04878,0.04564,0.189,-0.1355,2.9589056834675405
2016-10-01,-1.9426,0.4,0.2343,0.0156,0.04878,0.04564,0.189,-0.1355,2.752608384064888
2016-11-01,3.4175,0.41,0.1179,-0.4172,0.052545,0.049978,0.514,0.125,2.903627592756396
2016-12-01,1.8201,0.54,0.2525,0.6836,0.058501,0.061941,1.0282,0.8433,2.985282304259452
2017-01-01,1.7884,0.65,0.4043,-0.2629,0.058501,0.061941,1.0282,0.8433,2.78464359750706
2017-02-01,3.7198,0.66,0.1593,-0.4015,0.061144,0.069496,1.2564,1.2969,2.6329085843515045
2017-03-01,-0.0389,0.79,-0.0467,0.6599,0.0625,0.0676,1.3735,1.1831,2.8804854842795384
2017-04-01,0.9091,0.9,0.1234,1.0187,0.06391,0.068115,1.4952,1.214,2.5441451257576766
2017-05-01,1.1576,0.91,-0.0774,0.1184,0.06391,0.068115,1.4952,1.214,2.405438830577724
2017-06-01,0.4814,1.04,0.0652,0.206,0.066308,0.066962,1.7023,1.1448,2.310953322348239
2017-07-01,1.9349,1.15,0.0328,-0.2395,0.065891,0.071424,1.6663,1.4127,2.239770580088637
2017-08-01,0.0546,1.16,0.3849,-0.4139,0.065891,0.071424,1.6663,1.4127,2.2600470350172577
2017-09-01,1.9303,1.15,0.5106,0.1032,0.0625,0.063888,1.3735,0.9602,2.2283273581020184
2017-10-01,2.2188,1.15,0.0775,1.2318,0.0625,0.063888,1.3735,0.9602,2.251564200365529
2017-11-01,2.8083,1.16,0.2668,0.2392,0.063218,0.06668,1.4355,1.1278,2.3090588899926163
2017-12-01,0.9832,1.3,0.2107,0.1955,0.062374,0.068524,1.3626,1.2386,2.456297672222301
2018-01-01,5.6179,1.41,0.4253,-0.0019,0.060046,0.074052,1.1616,1.5705,2.342383903663102
2018-02-01,-3.8947,1.42,0.2692,0.2425,0.060046,0.074052,1.1616,1.5705,3.322734552459715
2018-03-01,-2.6884,1.51,0.0192,0.4898,0.063181,0.071715,1.4323,1.4302,3.808773444787174
2018-04-01,0.2719,1.69,0.2604,1.1019,0.063181,0.071715,1.4323,1.4302,3.7980299630857366
2018-05-01,2.1608,1.7,0.2258,-0.9005,0.066975,0.078318,1.7598,1.8267,3.373513478787507
2018-06-01,0.4842,1.82,0.0901,0.7769,0.048193,0.070898,0.1383,1.3811,3.111521413900085
2018-07-01,3.6022,1.91,0.0781,0.1614,0.048193,0.070898,0.1383,1.3811,2.834916226595266
2018-08-01,3.0263,1.91,0.1787,0.6464,0.04375,0.064645,-0.2453,1.0057,2.9822243964194715
2018-09-01,0.4294,1.95,0.2062,0.0651,0.042904,0.064297,-0.3183,0.9848,2.957793776371394
2018-10-01,-6.9403,2.19,0.234,-0.1103,0.042904,0.064297,-0.3183,0.9848,2.7196515972151167
2018-11-01,1.7859,2.2,-0.0704,0.0793,0.041139,0.056772,-0.4707,0.5329,4.642704251059215
2018-12-01,-9.1777,2.27,0.0685,0.0245,0.040698,0.049482,-0.5088,0.0952,4.06614980073
2019-01-01,7.8684,2.4,-0.0815,-0.6643,0.02346,0.027771,-1.997,-1.2085,6.16068513255149
2019-02-01,2.9729,2.4,0.3001,-0.5464,0.02346,0.027771,-1.997,-1.2085,6.359851264537049
2019-03-01,1.7924,2.41,0.3782,0.0375,0.022409,0.02436,-2.0878,-1.4133,5.535728282486084
2019-04-01,3.9313,2.42,0.376,-0.5849,0.022409,0.02436,-2.0878,-1.4133,4.781383511109424
2019-05-01,-6.5778,2.39,0.0247,0.1154,0.03003,0.033577,-1.4298,-0.8598,4.439414455284829
2019-06-01,6.893,2.38,-0.0325,0.0444,0.040761,0.04005,-0.5033,-0.4712,5.360405472481063
2019-07-01,1.3128,2.4,0.2308,-0.4849,0.031325,0.02718,-1.318,-1.2439,5.546381386307629
2019-08-01,-1.8092,2.13,0.0915,0.6849,0.031325,0.02718,-1.318,-1.2439,4.770262942580379
2019-09-01,1.7181,2.04,0.1539,-0.3384,0.032581,0.028995,-1.2096,-1.135,4.337366530098783
2019-10-01,2.0432,1.83,0.2827,-0.8443,0.038781,0.037501,-0.6743,-0.6242,3.8199701065272222
2019-11-01,3.4047,1.55,0.2815,0.5019,0.038781,0.037501,-0.6743,-0.6242,3.4405305415190712
2019-12-01,2.859,1.55,0.2912,-0.2324,0.036923,0.039593,-0.8347,-0.4986,3.3563231698202163
2020-01-01,-0.1628,1.55,0.1922,-0.6554,0.04,0.042944,-0.569,-0.2974,3.196044781192158
2020-02-01,-8.411,1.58,0.0475,0.3362,0.04,0.042944,-0.569,-0.2974,2.934435264818346
2020-03-01,-12.5119,0.65,-0.4528,-3.912,0.041379,0.095814,-0.45,2.8772,5.358544489724585
2020-04-01,12.6844,0.05,-0.792,-13.1878,0.036613,0.032989,-0.8615,-0.8951,10.499392835272186
2020-05-01,4.5282,0.05,-0.0898,1.6538,0.036613,0.032989,-0.8615,-0.8951,10.675682715822958
2020-06-01,1.8388,0.08,0.4847,6.553,0.034091,0.031043,-1.0792,-1.012,9.173305182433143
2020-07-01,5.5101,0.09,0.5096,3.7472,0.036876,0.032903,-0.8387,-0.9003,7.753457126491303
2020-08-01,7.0065,0.1,0.3731,0.9779,0.036876,0.032903,-0.8387,-0.9003,6.985044913907766
2020-09-01,-3.9228,0.09,0.2626,0.0125,0.048561,0.037294,0.1701,-0.6366,6.713717449741392
2020-10-01,-2.7666,0.09,0.1238,0.805,0.048561,0.037294,0.1701,-0.6366,6.185047680286856
2020-11-01,10.7546,0.09,0.2274,0.3537,0.046414,0.042293,-0.0153,-0.3365,5.575721568577279
2020-12-01,3.7121,0.09,0.4346,1.3199,0.045267,0.040905,-0.1143,-0.4198,6.940884018553784
2021-01-01,-1.1137,0.09,0.245,0.5278,0.044625,0.040748,-0.1697,-0.4293,6.081439293996135
2021-02-01,2.6091,0.08,0.3396,-3.3042,0.044625,0.040748,-0.1697,-0.4293,5.284117344814706
2021-03-01,4.2439,0.07,0.5243,2.8978,0.045175,0.043011,-0.1223,-0.2934,4.642941142898324
2021-04-01,5.2425,0.07,0.6239,0.1759,0.045455,0.04479,-0.0981,-0.1865,4.396103680757349
2021-05-01,0.5486,0.06,0.6635,0.8874,0.045455,0.04479,-0.0981,-0.1865,4.447850431153015
2021-06-01,2.2214,0.08,0.8462,0.3675,0.045643,0.047821,-0.0819,-0.0046,3.880361233469905
2021-07-01,2.2748,0.1,0.4615,0.4541,0.046371,0.045833,-0.019,-0.1239,3.5047505364783667
2021-08-01,2.899,0.09,0.2843,-0.2077,0.046371,0.045833,-0.019,-0.1239,3.22381045964242
2021-09-01,-4.7569,0.08,0.4526,-1.1853,0.050584,0.047648,0.3447,-0.0149,3.106546799314813
2021-10-01,6.9144,0.08,0.9638,1.3435,0.050584,0.047648,0.3447,-0.0149,3.9717389158661542
2021-11-01,-0.8334,0.08,0.8566,0.678,0.048544,0.039216,0.1686,-0.5212,4.670288874586636
2021-12-01,4.3613,0.08,0.6905,-0.2903,0.047081,0.044938,0.0423,-0.1777,4.137054209350008
2022-01-01,-5.2585,0.08,0.6046,-0.3848,0.045249,0.051724,-0.1159,0.2298,4.05526404369581
2022-02-01,-3.136,0.08,0.6926,0.6196,0.045249,0.051724,-0.1159,0.2298,4.687908274022909
2022-03-01,3.5773,0.2,1.1156,0.5796,0.044077,0.059397,-0.2171,0.6905,4.5234547791779125
2022-04-01,-8.7957,0.33,0.3083,0.0486,0.044077,0.059397,-0.2171,0.6905,4.18373287452244
2022-05-01,0.0053,0.77,0.9485,-0.105,0.048469,0.059638,0.1621,0.705,6.060909631881761
2022-06-01,-8.392,1.21,1.2561,-0.3113,0.041775,0.051673,-0.4158,0.2267,5.195265807992427
2022-07-01,9.1116,1.68,-0.0149,0.2029,0.042683,0.05986,-0.3374,0.7183,6.435411257678813
2022-08-01,-4.244,2.33,0.0624,-0.1252,0.042683,0.05986,-0.3374,0.7183,6.908216727635399
2022-09-01,-9.3396,2.56,0.4243,0.1934,0.045732,0.062289,-0.0742,0.8642,6.39464440847132
2022-10-01,7.9863,3.08,0.5595,-0.0384,0.045732,0.062289,-0.0742,0.8642,7.465119938374505
2022-11-01,5.3753,3.78,0.2614,-0.294,0.042821,0.047405,-0.3255,-0.0295,7.296791716515588
2022-12-01,-5.8971,4.1,0.0154,-1.1776,0.042714,0.046417,-0.3347,-0.0889,6.609788053670746
2023-01-01,6.1753,4.33,0.5314,0.7403,0.042714,0.046417,-0.3347,-0.0889,6.55705505686519
2023-02-01,-2.6112,4.57,0.3429,0.1359,0.053371,0.063091,0.5853,0.9123,6.211927562104883
2023-03-01,3.5052,4.65,0.1231,0.3765,0.05168,0.054785,0.4393,0.4136,5.571971351027216
2023-04-01,1.4642,4.83,0.3393,0.2302,0.05168,0.054785,0.4393,0.4136,4.976736692591745
2023-05-01,0.2482,5.06,0.1615,-0.3204,0.056657,0.062301,0.869,0.8649,4.316387655409831
2023-06-01,6.4727,5.08,0.2242,-0.8016,0.049587,0.051112,0.2587,0.1931,3.7833293352727977
2023-07-01,3.1139,5.12,0.1957,0.7862,0.050562,0.052124,0.3428,0.2538,4.412293165895059
2023-08-01,-1.7716,5.33,0.4836,-0.0668,0.050562,0.052124,0.3428,0.2538,4.025981372113804
2023-09-01,-4.8719,5.33,0.3901,0.1803,0.047091,0.047852,0.0432,-0.0027,3.7693807237694
2023-10-01,-2.198,5.33,0.1367,-0.5466,0.047091,0.047852,0.0432,-0.0027,4.3900604100290535
2023-11-01,8.9179,5.33,0.1469,0.3932,0.046322,0.046038,-0.0232,-0.1116,4.115673847483749
2023-12-01,4.4229,5.33,0.1924,-0.2586,0.044974,0.043348,-0.1396,-0.2731,5.466503608860614
2024-01-01,1.5896,5.33,0.31,-1.3725,0.061625,0.063308,1.2979,0.9254,5.044009598413317
2024-02-01,5.1721,5.33,0.4098,1.071,0.061625,0.063308,1.2979,0.9254,4.37582995266836
2024-03-01,3.1019,5.33,0.4431,0.172,0.062678,0.065833,1.3889,1.077,4.41603046354928
2024-04-01,-4.1615,5.33,0.2171,-0.2131,0.062678,0.065833,1.3889,1.077,4.027070074363587
2024-05-01,4.8021,5.33,0.0486,0.6181,0.056471,0.049296,0.853,0.084,4.331296258542404
2024-06-01,3.467,5.33,-0.0418,0.0307,0.063187,0.06391,1.4328,0.9615,4.294285941608509
2024-07-01,1.1321,5.33,0.1677,-0.9102,0.060367,0.058664,1.1893,0.6465,3.9929816856933056
2024-08-01,2.2835,5.33,0.1572,0.4553,0.060367,0.058664,1.1893,0.6465,3.521896248238221
2024-09-01,2.0197,5.13,0.2133,-0.6198,0.061008,0.059781,1.2447,0.7136,3.2378095984287363
2024-10-01,-0.9897,4.83,0.2856,-0.3396,0.061008,0.059781,1.2447,0.7136,2.993884763589588
2024-11-01,5.7301,4.64,0.2842,-0.1779,0.061584,0.066535,1.2944,1.1191,2.8825908467086765
2024-12-01,-2.499,4.48,0.3399,1.0422,0.057065,0.057194,0.9043,0.5583,3.644647150792136
