date,mpui,mpui_adjusted,mpui_std,mpui_adj_std
2000-02-01,0.03125,0.03125,-1.3245,-0.9996
2000-03-01,0.030457,0.03007,-1.3929,-1.0704
2000-05-01,0.036842,0.037424,-0.8417,-0.6288
2000-06-01,0.053571,0.05955,0.6026,0.6997
2000-08-01,0.040936,0.043952,-0.4882,-0.2369
2000-10-01,0.044199,0.044728,-0.2065,-0.1903
2000-11-01,0.07027,0.069673,2.0443,1.3076
2000-12-01,0.076433,0.087691,2.5764,2.3895
2001-01-01,0.019608,0.01449,-2.3296,-2.0059
2001-03-01,0.060086,0.049745,1.1651,0.111
2001-05-01,0.054688,0.042434,0.699,-0.328
2001-06-01,0.029557,0.028975,-1.4706,-1.1362
2001-08-01,0.03,0.02995,-1.4324,-1.0776
2001-09-01,0.036866,0.034204,-0.8396,-0.8222
2001-10-01,0.04023,0.046241,-0.5492,-0.0994
2001-11-01,0.052023,0.060267,0.469,0.7428
2001-12-01,0.046392,0.048385,-0.0172,0.0293
2002-01-01,0.052239,0.077351,0.4876,1.7686
2002-03-01,0.023256,0.018434,-2.0146,-1.7691
2002-05-01,0.03352,0.038639,-1.1285,-0.5559
2002-06-01,0.034653,0.034639,-1.0307,-0.7961
2002-08-01,0.028409,0.031826,-1.5697,-0.965
2002-09-01,0.046729,0.042289,0.0119,-0.3367
2002-11-01,0.043478,0.033998,-0.2688,-0.8346
2002-12-01,0.028902,0.032675,-1.5272,-0.914
2003-01-01,0.046512,0.051875,-0.0068,0.2389
2003-03-01,0.061135,0.052436,1.2556,0.2726
2003-05-01,0.050228,0.045928,0.314,-0.1182
2003-06-01,0.036913,0.025878,-0.8356,-1.3221
2003-08-01,0.046729,0.047075,0.0119,-0.0493
2003-09-01,0.04717,0.047114,0.05,-0.047
2003-10-01,0.051643,0.052027,0.4362,0.248
2003-12-01,0.064039,0.067719,1.5064,1.1902
2004-01-01,0.058537,0.061987,1.0313,0.8461
2004-03-01,0.058824,0.062356,1.0561,0.8682
2004-05-01,0.069307,0.072738,1.9612,1.4916
2004-06-01,0.046099,0.036141,-0.0425,-0.7059
2004-08-01,0.043333,0.033475,-0.2813,-0.866
2004-09-01,0.042705,0.035879,-0.3355,-0.7216
2004-11-01,0.046154,0.042515,-0.0377,-0.3232
2004-12-01,0.041009,0.031188,-0.4819,-1.0033
2005-02-01,0.048689,0.044768,0.1811,-0.1879
2005-03-01,0.040816,0.035031,-0.4986,-0.7725
2005-05-01,0.055944,0.050548,0.8075,0.1592
2005-06-01,0.048872,0.048443,0.1969,0.0328
2005-08-01,0.050725,0.049546,0.3569,0.099
2005-09-01,0.039326,0.031179,-0.6272,-1.0038
2005-11-01,0.039568,0.041074,-0.6063,-0.4097
2005-12-01,0.039474,0.049184,-0.6145,0.0773
2006-01-01,0.036199,0.045453,-0.8972,-0.1467
2006-03-01,0.042553,0.041887,-0.3486,-0.3609
2006-05-01,0.039634,0.034227,-0.6006,-0.8208
2006-06-01,0.034483,0.033413,-1.0453,-0.8697
2006-08-01,0.045249,0.056749,-0.1159,0.5315
2006-09-01,0.047393,0.060701,0.0692,0.7688
2006-10-01,0.051163,0.062903,0.3947,0.9011
2006-12-01,0.048889,0.056693,0.1984,0.5282
2007-01-01,0.077778,0.109285,2.6925,3.6861
2007-03-01,0.071006,0.099717,2.1079,3.1116
2007-05-01,0.077381,0.105094,2.6582,3.4344
2007-06-01,0.06044,0.074498,1.1956,1.5973
2007-08-01,0.066351,0.070282,1.706,1.3441
2007-08-01,0.020202,0.042496,-2.2783,-0.3243
2007-08-01,0.061538,0.090769,1.2904,2.5743
2007-09-01,0.046154,0.033595,-0.0377,-0.8588
2007-10-01,0.04902,0.031452,0.2097,-0.9874
2007-12-01,0.038869,0.02779,-0.6667,-1.2073
2008-01-01,0.054475,0.043629,0.6807,-0.2563
2008-01-01,0.047059,0.038447,0.0404,-0.5674
2008-03-01,0.002525,0.001443,-3.8044,-2.7893
2008-03-01,0.057823,0.046563,0.9697,-0.0801
2008-04-01,0.048544,0.039039,0.1686,-0.5319
2008-06-01,0.070866,0.071006,2.0958,1.3876
2008-08-01,0.064257,0.066494,1.5252,1.1167
2008-09-01,0.057269,0.067697,0.9219,1.1889
2008-10-01,0.038071,0.028054,-0.7356,-1.1915
2008-10-01,0.030928,0.031132,-1.3523,-1.0066
2008-12-01,0.022222,0.016525,-2.1039,-1.8837
2009-01-01,0.041667,0.027568,-0.4251,-1.2206
2009-03-01,0.030879,0.024296,-1.3565,-1.4171
2009-04-01,0.041958,0.033816,-0.4,-0.8455
2009-06-01,0.031414,0.028337,-1.3103,-1.1745
2009-08-01,0.03066,0.025701,-1.3754,-1.3328
2009-09-01,0.035129,0.030049,-0.9896,-1.0717
2009-11-01,0.038627,0.03174,-0.6876,-0.9701
2009-12-01,0.035587,0.025899,-0.95,-1.3209
2010-01-01,0.038603,0.030898,-0.6896,-1.0207
2010-03-01,0.038202,0.037744,-0.7243,-0.6096
2010-04-01,0.043902,0.048141,-0.2322,0.0147
2010-06-01,0.055249,0.068069,0.7475,1.2112
2010-08-01,0.04388,0.044801,-0.2341,-0.1859
2010-09-01,0.044186,0.045505,-0.2076,-0.1436
2010-11-01,0.039175,0.036146,-0.6403,-0.7056
2010-12-01,0.034553,0.032072,-1.0393,-0.9502
2011-01-01,0.027397,0.028638,-1.6571,-1.1564
2011-03-01,0.036638,0.036395,-0.8593,-0.6906
2011-04-01,0.038627,0.038206,-0.6876,-0.5819
2011-06-01,0.045852,0.045276,-0.0638,-0.1574
2011-08-01,0.051233,0.043828,0.4008,-0.2443
2011-09-01,0.045126,0.037462,-0.1265,-0.6266
2011-11-01,0.048583,0.045919,0.172,-0.1188
2011-12-01,0.054795,0.059205,0.7083,0.679
2012-01-01,0.049296,0.054696,0.2335,0.4083
2012-03-01,0.050459,0.05476,0.3339,0.4121
2012-04-01,0.05618,0.059315,0.8279,0.6856
2012-06-01,0.047131,0.045344,0.0466,-0.1533
2012-08-01,0.043011,0.043635,-0.3091,-0.2559
2012-09-01,0.039497,0.034001,-0.6125,-0.8344
2012-10-01,0.043321,0.038069,-0.2823,-0.5901
2012-12-01,0.045588,0.033878,-0.0866,-0.8418
2013-01-01,0.053929,0.042836,0.6335,-0.3039
2013-03-01,0.054096,0.043749,0.6479,-0.2491
2013-05-01,0.054978,0.043963,0.7241,-0.2362
2013-06-01,0.049929,0.039892,0.2882,-0.4807
2013-07-01,0.048295,0.040011,0.1471,-0.4735
2013-09-01,0.047382,0.03626,0.0683,-0.6987
2013-10-01,0.048718,0.040078,0.1836,-0.4695
2013-12-01,0.046083,0.035748,-0.0439,-0.7295
2014-01-01,0.042118,0.035673,-0.3862,-0.734
2014-03-01,0.043429,0.036249,-0.273,-0.6994
2014-04-01,0.045679,0.042389,-0.0787,-0.3307
2014-06-01,0.046424,0.044351,-0.0144,-0.2129
2014-07-01,0.046429,0.042965,-0.014,-0.2961
2014-09-01,0.049217,0.043927,0.2267,-0.2384
2014-10-01,0.055085,0.062308,0.7333,0.8653
2014-12-01,0.057143,0.062482,0.911,0.8758
2015-01-01,0.050611,0.070021,0.3471,1.3285
2015-03-01,0.045997,0.060716,-0.0513,0.7697
2015-04-01,0.042629,0.057299,-0.3421,0.5646
2015-06-01,0.051095,0.068072,0.3888,1.2114
2015-07-01,0.04797,0.062485,0.119,0.876
2015-09-01,0.047458,0.054878,0.0748,0.4192
2015-10-01,0.04475,0.051079,-0.1589,0.1911
2015-12-01,0.048333,0.052099,0.1504,0.2523
2016-01-01,0.051237,0.05648,0.4011,0.5154
2016-03-01,0.046312,0.047504,-0.0241,-0.0236
2016-04-01,0.042517,0.042517,-0.3517,-0.323
2016-06-01,0.047101,0.048872,0.044,0.0586
2016-07-01,0.048527,0.048198,0.1671,0.0181
2016-09-01,0.04878,0.04564,0.189,-0.1355
2016-11-01,0.052545,0.049978,0.514,0.125
2016-12-01,0.058501,0.061941,1.0282,0.8433
2017-02-01,0.061144,0.069496,1.2564,1.2969
2017-03-01,0.0625,0.0676,1.3735,1.1831
2017-03-01,0.06391,0.068115,1.4952,1.214
2017-06-01,0.066308,0.066962,1.7023,1.1448
2017-07-01,0.065891,0.071424,1.6663,1.4127
2017-09-01,0.0625,0.063888,1.3735,0.9602
2017-11-01,0.063218,0.06668,1.4355,1.1278
2017-12-01,0.062374,0.068524,1.3626,1.2386
2018-01-01,0.060046,0.074052,1.1616,1.5705
2018-03-01,0.063181,0.071715,1.4323,1.4302
2018-05-01,0.066975,0.078318,1.7598,1.8267
2018-06-01,0.048193,0.070898,0.1383,1.3811
2018-08-01,0.04375,0.064645,-0.2453,1.0057
2018-09-01,0.042904,0.064297,-0.3183,0.9848
2018-11-01,0.041139,0.056772,-0.4707,0.5329
2018-12-01,0.040698,0.049482,-0.5088,0.0952
2019-01-01,0.02346,0.027771,-1.997,-1.2085
2019-03-01,0.022409,0.02436,-2.0878,-1.4133
2019-05-01,0.03003,0.033577,-1.4298,-0.8598
2019-06-01,0.040761,0.04005,-0.5033,-0.4712
2019-07-01,0.031325,0.02718,-1.318,-1.2439
2019-09-01,0.032581,0.028995,-1.2096,-1.135
2019-10-01,0.038781,0.037501,-0.6743,-0.6242
2019-12-01,0.036923,0.039593,-0.8347,-0.4986
2020-01-01,0.04,0.042944,-0.569,-0.2974
2020-03-01,0.041379,0.095814,-0.45,2.8772
2020-03-01,0.031204,0.016947,-1.3284,-1.8584
2020-03-01,0.011925,0.007837,-2.9929,-2.4054
2020-04-01,0.036613,0.032989,-0.8615,-0.8951
2020-06-01,0.034091,0.031043,-1.0792,-1.012
2020-07-01,0.036876,0.032903,-0.8387,-0.9003
2020-09-01,0.048561,0.037294,0.1701,-0.6366
2020-11-01,0.046414,0.042293,-0.0153,-0.3365
2020-12-01,0.045267,0.040905,-0.1143,-0.4198
2021-01-01,0.044625,0.040748,-0.1697,-0.4293
2021-03-01,0.045175,0.043011,-0.1223,-0.2934
2021-04-01,0.045455,0.04479,-0.0981,-0.1865
2021-06-01,0.045643,0.047821,-0.0819,-0.0046
2021-07-01,0.046371,0.045833,-0.019,-0.1239
2021-09-01,0.050584,0.047648,0.3447,-0.0149
2021-11-01,0.048544,0.039216,0.1686,-0.5212
2021-12-01,0.047081,0.044938,0.0423,-0.1777
2022-01-01,0.045249,0.051724,-0.1159,0.2298
2022-03-01,0.044077,0.059397,-0.2171,0.6905
2022-05-01,0.048469,0.059638,0.1621,0.705
2022-06-01,0.041775,0.051673,-0.4158,0.2267
2022-07-01,0.042683,0.05986,-0.3374,0.7183
2022-09-01,0.045732,0.062289,-0.0742,0.8642
2022-11-01,0.042821,0.047405,-0.3255,-0.0295
2022-12-01,0.042714,0.046417,-0.3347,-0.0889
2023-02-01,0.053371,0.063091,0.5853,0.9123
2023-03-01,0.05168,0.054785,0.4393,0.4136
2023-05-01,0.056657,0.062301,0.869,0.8649
2023-06-01,0.049587,0.051112,0.2587,0.1931
2023-07-01,0.050562,0.052124,0.3428,0.2538
2023-09-01,0.047091,0.047852,0.0432,-0.0027
2023-11-01,0.046322,0.046038,-0.0232,-0.1116
2023-12-01,0.044974,0.043348,-0.1396,-0.2731
2024-01-01,0.061625,0.063308,1.2979,0.9254
2024-03-01,0.062678,0.065833,1.3889,1.077
2024-05-01,0.056471,0.049296,0.853,0.084
2024-06-01,0.063187,0.06391,1.4328,0.9615
2024-07-01,0.060367,0.058664,1.1893,0.6465
2024-09-01,0.061008,0.059781,1.2447,0.7136
2024-11-01,0.061584,0.066535,1.2944,1.1191
2024-12-01,0.057065,0.057194,0.9043,0.5583
